com,0
net,1
co.uk,2
org,3
co,4
ca,5
com.br,6
net.au,7
co.th,8
org.sv,9
it,10
edu,11
us,12
mil,13
xyz,14
ee,15
rs,16
<empty>,17
nl,18
org.uk,19
ru,20
fr,21
ro,22
hr,23
info,24
co.za,25
hu,26
ie,27
cl,28
com.ar,29
ac.ug,30
de,31
biz,32
gr,33
co.ke,34
gc.ca,35
lt,36
sk,37
net.cn,38
fm,39
ac,40
xn--p1ai,41
gov,42
fi,43
in,44
ly,45
ca.us,46
ne.us,47
pw,48
es,49
su,50
no,51
co.nz,52
com.cn,53
sk.ca,54
pl,55
cx,56
co.id,57
com.au,58
id.au,59
be,60
click,61
COM,62
gl,63
cn,64
aero,65
ir,66
com.tw,67
org.au,68
Data,69
oh.us,70
pt,71
se,72
gs,73
edu.my,74
qc.ca,75
me,76
com.mx,77
ns.ca,78
org.rs,79
co.in,80
co.jp,81
com.pk,82
com.pl,83
travel,84
tv,85
com.ua,86
com.ng,87
ga,88
bc.ca,89
link,90
co.kr,91
mu,92
by,93
si,94
com.gt,95
on.ca,96
eu,97
biz.pl,98
top,99
ms,100
co.il,101
rw,102
asia,103
cf,104
ua,105
pk,106
ws,107
cz,108
host,109
nt.ca,110
dk,111
tk,112
online,113
tx.us,114
work,115
city,116
club,117
edu.au,118
cc,119
net.pl,120
ac.jp,121
ml,122
org.in,123
org.br,124
art.br,125
com.tr,126
mx,127
com.bo,128
mb.ca,129
k12.or.us,130
at,131
party,132
kz,133
com.np,134
ac.uk,135
to,136
pro,137
rj.gov.br,138
org.my,139
md.us,140
int,141
gov.uk,142
mn.us,143
ae,144
wang,145
com.mt,146
az.us,147
om,148
or.th,149
from.hr,150
jp,151
bg,152
vn.ua,153
legal,154
cm,155
ht,156
com.sg,157
gov.au,158
k12.mo.us,159
vn,160
space,161
wa.edu.au,162
com.py,163
is,164
lol,165
net.br,166
ph,167
ch,168
lib.me.us,169
gq,170
gov.ve,171
in.ua,172
org.nz,173
mobi,174
name,175
md,176
sd.us,177
ind.br,178
edu.np,179
vic.gov.au,180
id,181
lib.ks.us,182
edu.pl,183
onion,184
com.my,185
or.ke,186
lv,187
k12.nj.us,188
mp,189
ma,190
gov.pl,191
ma.us,192
com.kh,193
tech,194
com.gr,195
gdn,196
com.uy,197
k12.ca.us,198
k12.ia.us,199
gov.bd,200
ge,201
kiev.ua,202
adv.br,203
buzz,204
gr.jp,205
io,206
com.cy,207
vacations,208
edu.br,209
support,210
sn,211
zp.ua,212
am,213
com.ve,214
jobs,215
go.gov.br,216
info.tr,217
bs,218
org.pk,219
k12.wi.us,220
nj.us,221
ab.ca,222
ba,223
nu,224
com.mk,225
or.kr,226
sy,227
my,228
church,229
co.cl,230
one,231
mn,232
gov.ph,233
k12.ut.us,234
com.pe,235
website,236
edu.bd,237
ac.id,238
restaurant,239
org.pe,240
vu,241
co.mz,242
cat,243
go.jp,244
kr,245
edu.co,246
dp.ua,247
or.tz,248
tw,249
adm.br,250
vc,251
k12.ky.us,252
gov.za,253
tj,254
go.id,255
ms.us,256
org.il,257
k12.in.us,258
nic.in,259
bz,260
sch.id,261
tn,262
tc,263
ac.za,264
today,265
al,266
co.zw,267
global,268
gov.vn,269
edu.sa,270
ac.zm,271
pe,272
harrow.sch.uk,273
nr,274
kg,275
ORG,276
com.ph,277
lk,278
com.ec,279
co.cr,280
com.co,281
co.ao,282
tel,283
arts.ro,284
mil.nz,285
org.ve,286
bid,287
gov.it,288
wa.gov.au,289
od.ua,290
ve,291
k12.ny.us,292
ac.th,293
net.in,294
mw,295
al.us,296
net.ua,297
sc,298
coop,299
sa.gov.au,300
k12.al.us,301
uy,302
ac.ke,303
gov.mz,304
yt,305
org.hk,306
edu.vn,307
faith,308
com.ba,309
uz,310
catholic.edu.au,311
bucks.sch.uk,312
k12.sc.us,313
br,314
me.uk,315
hk,316
az,317
org.lb,318
li,319
com.vn,320
web.id,321
nf,322
messina.it,323
vg,324
org.cn,325
nf.ca,326
accountant,327
govt.nz,328
or.cr,329
win,330
org.za,331
org.ua,332
expert,333
com.ro,334
co.bw,335
do,336
la.us,337
nd.us,338
com.lb,339
site,340
photo,341
com.hk,342
edu.in,343
argyll-bute.sch.uk,344
gov.al,345
wi.us,346
qld.gov.au,347
wa.us,348
ed.jp,349
im,350
va,351
co.us,352
edu.ua,353
com.na,354
club.tw,355
lu,356
news,357
com.tn,358
red,359
cd,360
ia.us,361
sa.edu.au,362
com.eg,363
wv.us,364
gob.ve,365
sc.gov.br,366
lib.tx.us,367
sh,368
cc.ca.us,369
institute,370
mg,371
pn,372
gov.ua,373
inf.br,374
k12.tn.us,375
blog.br,376
ba.gov.br,377
ny.us,378
lib.il.us,379
org.mx,380
pa.us,381
loan,382
ac.in,383
konin.pl,384
cv.ua,385
org.tr,386
la,387
kr.ua,388
nv.us,389
org.ph,390
clinic,391
edu.sg,392
gov.sy,393
falkirk.sch.uk,394
au,395
date,396
af,397
com.pt,398
org.pl,399
mi.us,400
download,401
life,402
web.tr,403
k12.va.us,404
fl.us,405
ak.us,406
ks.us,407
sg,408
ac.cn,409
edu.mt,410
mo.us,411
fin.ec,412
org.np,413
in.th,414
ne.jp,415
lib.mn.us,416
tm,417
run,418
com.es,419
cloud,420
edu.ph,421
parma.it,422
press,423
edu.pk,424
ce.gov.br,425
il.us,426
k12.mi.us,427
cab,428
k12.md.us,429
org.ma,430
coop.br,431
k12.oh.us,432
av.tr,433
st,434
net.vn,435
com.sa,436
gen.tr,437
tt,438
siracusa.it,439
szczecin.pl,440
ac.nz,441
ne.kr,442
k12.pa.us,443
nsw.edu.au,444
org.bw,445
or.id,446
edu.tr,447
or.jp,448
org.ar,449
nm.us,450
asn.au,451
w-sussex.sch.uk,452
net.ve,453
uk,454
ad,455
ac.ir,456
ci,457
org.eg,458
vi,459
gob.bo,460
university,461
edu.rs,462
gov.tr,463
edu.tw,464
net.ma,465
co.rs,466
edu.ba,467
ind.in,468
tools,469
lib.wi.us,470
go.ke,471
net.ph,472
tips,473
qa,474
gov.gh,475
net.tw,476
co.tz,477
NET,478
sc.us,479
go.th,480
elblag.pl,481
gov.co,482
gg,483
lib.in.us,484
k12.ok.us,485
slask.pl,486
je,487
mg.gov.br,488
or.us,489
gift,490
nhs.uk,491
xn--80aswg,492
gov.pg,493
in.us,494
k12.ga.us,495
police.uk,496
US,497
ac.be,498
edu.cn,499
fed.us,500
edu.hk,501
k12.fl.us,502
k12.nh.us,503
net.nz,504
rocks,505
ar,506
dj,507
ni.sch.uk,508
lviv.ua,509
mk,510
gov.in,511
ve.it,512
RU,513
com.jm,514
ink,515
tv.br,516
org.je,517
lib.oh.us,518
org.sz,519
media,520
k12.mn.us,521
com.fj,522
INFO,523
ec,524
ltd.uk,525
ps,526
org.uy,527
gov.my,528
ac.il,529
com.bz,530
museum,531
k12.ct.us,532
pl.ua,533
tl,534
re,535
so,536
edu.sv,537
pe.ca,538
ga.us,539
k12.ms.us,540
sd,541
edu.ar,542
tm.fr,543
org.sg,544
mil.za,545
k12.nc.us,546
k12.wy.us,547
ok.us,548
edu.mk,549
srv.br,550
edu.pe,551
derbyshire.sch.uk,552
alsace,553
lib.mo.us,554
wroclaw.pl,555
nl.ca,556
mc,557
pm,558
wiki,559
gov.hk,560
trade,561
com.ge,562
asso.fr,563
bel.tr,564
gob.mx,565
stargard.pl,566
co.at,567
com.bb,568
gov.cn,569
bf,570
org.tw,571
systems,572
org.mk,573
k12.vt.us,574
sx,575
webcam,576
gov.by,577
gen.in,578
services,579
gm,580
org.bd,581
cardiff.sch.uk,582
nb.ca,583
prato.it,584
xxx,585
ng,586
tf,587
vic.edu.au,588
cu,589
com.hr,590
qld.edu.au,591
info.ve,592
science,593
CO.ZA,594
tas.gov.au,595
edu.kh,596
kent.sch.uk,597
mielec.pl,598
org.py,599
review,600
xn--80asehdb,601
gov.mu,602
pr.gov.br,603
moe,604
org.af,605
org.bb,606
co.ug,607
gob.ec,608
e-sussex.sch.uk,609
live,610
com.mo,611
care,612
ac.at,613
ky.us,614
sa,615
k12.il.us,616
eng.br,617
edu.jm,618
radio.br,619
computer,620
wakefield.sch.uk,621
bydgoszcz.pl,622
bm,623
gov.mm,624
builders,625
gouv.fr,626
edu.mx,627
gov.sg,628
gov.jm,629
powys.sch.uk,630
coffee,631
gov.ly,632
edu.ve,633
com.do,634
tur.br,635
agency,636
okinawa.jp,637
gob.do,638
bw,639
gov.ng,640
ac.ae,641
gd,642
i.ph,643
world,644
uz.ua,645
etc.br,646
CO,647
sklep.pl,648
i.ng,649
tax,650
bio.br,651
biz.tr,652
properties,653
edu.ng,654
tn.us,655
gov.tw,656
gov.lk,657
biz.id,658
waw.pl,659
casa,660
<unknown>,661
